firstname,lastname
Linda,Johnson
Jennifer,Rodriguez
Thomas,Rodriguez
Michael,Miller
Michael,Johnson
Mary,Martinez
Joseph,Brown
Joseph,Garcia
Karen,Williams
Barbara,Davis
William,Martinez
Patricia,Smith
Robert,Davis
Elizabeth,Rodriguez
Karen,Brown
David,Miller
Karen,Miller
Thomas,Miller
Elizabeth,Johnson
Elizabeth,Smith
William,Garcia
Thomas,Garcia
Charles,Johnson
Jennifer,Martinez
David,Brown
John,Martinez
Elizabeth,Jones
Jennifer,Jones
Joseph,Williams
David,Smith
Linda,Rodriguez
Joseph,Jones
Mary,Smith
David,Rodriguez
Joseph,Smith
Sarah,Garcia
Linda,Jones
Thomas,Williams
John,Brown
Susan,Rodriguez
Barbara,Miller
David,Williams
Karen,Garcia
Thomas,Smith
Sarah,Martinez
Robert,Rodriguez
Jessica,Jones
William,Williams
Mary,Rodriguez
James,Johnson
Charles,Williams
James,Rodriguez
Karen,Davis
Elizabeth,Williams
Jennifer,Garcia
Elizabeth,Garcia
William,Rodriguez
Jessica,Williams
Barbara,Smith
Susan,Martinez
Charles,Davis
David,Johnson
William,Smith
Susan,Brown
Linda,Miller
Mary,Brown
Jessica,Brown
Linda,Garcia
Joseph,Davis
Richard,Rodriguez
John,Johnson
Richard,Martinez
Charles,Martinez
Susan,Garcia
Susan,Johnson
Patricia,Brown
Charles,Jones
John,Smith
John,Garcia
Sarah,Jones
Karen,Johnson
Barbara,Brown
Thomas,Jones
Richard,Smith
Jessica,Garcia
Linda,Smith
Richard,Brown
Elizabeth,Brown
Barbara,Williams
Susan,Jones
Michael,Brown
Elizabeth,Davis
Susan,Davis
William,Davis
Karen,Rodriguez
Mary,Jones
Richard,Johnson
Linda,Brown
Jennifer,Williams
Elizabeth,Miller
